username,email,last_name,first_name,is_staff,is_superuser,password
srivalant0,srivalant0@dedecms.com,Rivalant,Shawna,true,true,tT8/H6L|#aH>62
tseawright1,tseawright1@ning.com,Seawright,Trudey,,false,"hJ1''h%wM/$H_Q`"""
lschermick2,lschermick2@storify.com,Schermick,Lauren,false,false,nP9`xVBcvSdX
fworshall3,fworshall3@elegantthemes.com,Worshall,Fianna,false,false,kL1`YY}r.TKEvq
adinapoli4,adinapoli4@nydailynews.com,Di Napoli,Arlie,false,true,yY1=XH\<Fh
yoclovan5,yoclovan5@ehow.com,O' Clovan,Yule,true,true,vS2%Dji)nM=
krein6,krein6@who.int,Rein,Kandy,false,true,hY0/_$0\B**Wbgz
thazeley7,thazeley7@amazonaws.com,Hazeley,Timothea,false,true,"oO9#$MKG}b,OP"
wdilland8,wdilland8@ca.gov,Dilland,Walliw,,true,eU9*epad``
bdomke9,bdomke9@indiatimes.com,Domke,Brod,false,true,kE3=R2o#y8JMu_u
shassekla,shassekla@mapy.cz,Hassekl,Sissie,true,false,uW5$$l)_YX=!E
qantonyb,qantonyb@domainmarket.com,Antony,Quinn,true,true,gQ2.>we.}0
hchellingworthc,hchellingworthc@mlb.com,Chellingworth,Hallie,,true,kG6)T5\s'
vkinsond,vkinsond@dion.ne.jp,Kinson,Valeda,false,true,lM3\CUtxp$
lwilkennsone,lwilkennsone@pen.io,Wilkennson,Lissie,true,false,iW2@Azs1{g5RHU
gblankettf,gblankettf@elpais.com,Blankett,Garrot,,true,tU6'}pXZ.8EcI+
aserverg,aserverg@nymag.com,Server,Alexis,true,true,aH2<MoD/
kdreweth,kdreweth@vimeo.com,Drewet,Karrie,,false,vR7{hvxB*S$
aarchleyi,aarchleyi@netlog.com,Archley,Any,,false,"mZ1?f=!$""Up!"
jbloysj,jbloysj@home.pl,Bloys,Jojo,false,true,wG9+m{w/Og<s?
mdomek,mdomek@qq.com,Dome,Madelyn,true,true,"bC1%B1`CN""t3"
mcherrettl,mcherrettl@about.com,Cherrett,Marcie,true,true,"dR1""QcYcYe*!/w"
lfairliem,lfairliem@usa.gov,Fairlie,Laura,,false,eJ9_Gsz~qP.
pswidenbankn,pswidenbankn@gov.uk,Swidenbank,Philipa,false,true,cT4%2)}~K
jraitho,jraitho@ycombinator.com,Raith,Jsandye,,true,fF8<$cBrqxi%|`lp
sheppnerp,sheppnerp@artisteer.com,Heppner,Skipton,false,true,yR5(p@pSmcB?
agoldhawkq,agoldhawkq@cnn.com,Goldhawk,Angel,true,false,bE6!C!B'q6v~w
erottgerr,erottgerr@nps.gov,Rottger,Etti,,false,zE7$B>adTTQ
tguichards,tguichards@devhub.com,Guichard,Torrin,false,true,fW5.AQxA.
ajakemant,ajakemant@dedecms.com,Jakeman,Astrix,true,false,iU8.1dF?vo5N
ebutlandu,ebutlandu@constantcontact.com,Butland,Ellwood,false,true,"aD1|UnQ?H""w)7h"
cgrafhamv,cgrafhamv@godaddy.com,Grafham,Colby,true,true,uV5+M!vt|$%
dwoolnerw,dwoolnerw@home.pl,Woolner,Dita,false,true,"tH9<'!S"""
sbetoniax,sbetoniax@ibm.com,Betonia,Sheryl,true,true,yO4.U}Cdmr\XS4zf
siacovoney,siacovoney@fastcompany.com,Iacovone,Stewart,,true,iZ3+>Exm1'
rgrogorz,rgrogorz@nationalgeographic.com,Grogor,Rochella,true,true,pL3{U}OXD\I/u
ftunnick10,ftunnick10@oakley.com,Tunnick,Floris,,true,nT9>z`T123y
ascawen11,ascawen11@digg.com,Scawen,Ava,true,true,rY2%Hzt!A<j{0{
jschoenfisch12,jschoenfisch12@comsenz.com,Schoenfisch,Jarvis,,false,wK9<%BD~\q7g
geaglestone13,geaglestone13@elpais.com,Eaglestone,Gaile,,true,dF8\AWen
wburgum14,wburgum14@forbes.com,Burgum,Walton,,true,"jX3)i/CSHS,1"
odrayton15,odrayton15@bbc.co.uk,Drayton,Othella,false,true,dP1\.G2vv3co
hmcdonnell16,hmcdonnell16@wsj.com,McDonnell,Harman,false,true,bZ9&vQ8HGDie1+OA
dsheriff17,dsheriff17@com.com,Sheriff,Dov,,true,qT0&mQ$(/\0cezXS
magastina18,magastina18@thetimes.co.uk,Agastina,Michael,true,true,"yT3""y?byZ'"
lvasser19,lvasser19@hexun.com,Vasser,Lenora,,false,vZ2+npDx
awollard1a,awollard1a@bizjournals.com,Wollard,Alf,,true,lJ0`90{m$).#P
kbool1b,kbool1b@1688.com,Bool,Katy,false,true,pK7~DL/?.q
cchurchward1c,cchurchward1c@slashdot.org,Churchward,Carolan,false,false,gN7~v@|DL0`_=
rsartin1d,rsartin1d@wiley.com,Sartin,Raphael,true,false,xV8~_2CqJ#X4Ad
schilderley1e,schilderley1e@irs.gov,Childerley,Stephie,false,true,rP7&f7mWncnM
epyford1f,epyford1f@technorati.com,Pyford,Ellis,,false,"fO9(*9m,h$c"
ablenkinsop1g,ablenkinsop1g@globo.com,Blenkinsop,Allys,,true,"fY3/_`=<f9rtF""E"
rlangthorne1h,rlangthorne1h@wisc.edu,Langthorne,Rachel,,false,aM1>oL(#6*${
kwaber1i,kwaber1i@g.co,Waber,Koralle,,true,wM8\EACo
aabriani1j,aabriani1j@soundcloud.com,Abriani,Ashlie,false,true,tI4?Z}2a
pvandenvelde1k,pvandenvelde1k@sun.com,Van den Velde,Persis,false,false,fP9'.g8|%q*TaM&$
cusborn1l,cusborn1l@howstuffworks.com,Usborn,Cilka,false,true,fT8$Uc).?*09A
pkorneev1m,pkorneev1m@prweb.com,Korneev,Prentice,,false,pU4`uhm/iF>Xz@
kfrear1n,kfrear1n@skyrock.com,Frear,Kessiah,,false,pO7}Xt5$3e(ty*{c
koffen1o,koffen1o@cbslocal.com,Offen,Kameko,,false,hT6.cpp=KB
cjeanequin1p,cjeanequin1p@ycombinator.com,Jeanequin,Cherri,,true,vH1'Y=l.%
zgauvain1q,zgauvain1q@usda.gov,Gauvain,Zaneta,true,true,eI3.mxE7mZq{)V
jlundbeck1r,jlundbeck1r@printfriendly.com,Lundbeck,Justus,true,true,xD8>#flx'
ymiltonwhite1s,ymiltonwhite1s@salon.com,Milton-White,Yolanda,false,,sQ6?t2erLMl6
asiebert1t,asiebert1t@seattletimes.com,Siebert,Adel,,true,"oB7*""7d1'JQ2i}zs"
hjoanaud1u,hjoanaud1u@example.com,Joanaud,Hedda,,true,"nC5\CI!p@""1,.V."
gtheze1v,gtheze1v@marketwatch.com,Theze,Gill,,true,uL8|?+Hm\S@
jlamy1w,jlamy1w@cyberchimps.com,Lamy,Jeanine,true,false,"jR7),`z6kz"
jdubock1x,jdubock1x@freewebs.com,Dubock,Jacinthe,true,false,bN2=+EHG#oEr
bspellar1y,bspellar1y@ftc.gov,Spellar,Bertine,true,false,"aZ7<q""3ki9e,UZ"
dnoone1z,dnoone1z@deviantart.com,Noone,Devi,,true,"yW7""5,Ex=hC"
cskydall20,cskydall20@unblog.fr,Skydall,Carmelle,,true,wS8)>Gs)
sgame21,sgame21@reference.com,Game,Shannon,,true,rW6.`Qk)I5E
tpavia22,tpavia22@salon.com,Pavia,Terza,true,false,gX5>QDK{B9JqB
gpoinsett23,gpoinsett23@wikimedia.org,Poinsett,Goldy,,true,hX1&NMTQBs'l
bgretham24,bgretham24@census.gov,Gretham,Boote,,false,lM5~1qm6~alk
ccorkan25,ccorkan25@networkadvertising.org,Corkan,Carlina,false,false,"yL2""@?jnRxX""9"
bmccarthy26,bmccarthy26@hao123.com,McCarthy,Beverlee,true,true,fQ6_@aQhvMr8MO
umulbry27,umulbry27@google.es,Mulbry,Uriel,true,false,"cK1_DM!8,Y&$9"
rkesby28,rkesby28@youtu.be,Kesby,Reggi,false,true,eM2\QVbb
achafney29,achafney29@time.com,Chafney,Ashley,,true,aB4'J>VpT
vblackaby2a,vblackaby2a@google.co.jp,Blackaby,Verla,true,false,"qP4""l7/b"
aspall2b,aspall2b@plala.or.jp,Spall,Arnie,false,false,lU4=Rl8a{ag+2lm
oiowarch2c,oiowarch2c@purevolume.com,Iowarch,Otto,false,false,"lZ2,oWr{4dw"
eotoole2d,eotoole2d@ustream.tv,O'Toole,Em,true,,kF2}pY*'Z?zXW
fbindon2e,fbindon2e@clickbank.net,Bindon,Farlie,,false,wZ1<Vem~}h~V
mridoutt2f,mridoutt2f@fastcompany.com,Ridoutt,Mattheus,false,true,zC2/V)xy@7(u\
jchasteney2g,jchasteney2g@google.pl,Chasteney,Jolynn,,true,dO4\ws{|sHxs
ablinkhorn2h,ablinkhorn2h@bbc.co.uk,Blinkhorn,Arly,true,true,mL5=3#ZYJ
aheinssen2i,aheinssen2i@mtv.com,Heinssen,Ardine,,false,rH2'~vWOfdstE#Rd
ttrittam2j,ttrittam2j@umich.edu,Trittam,Thea,true,false,kU3)dRZTeD_E0Dn7
khave2k,khave2k@newyorker.com,Have,Kaylil,,false,mJ2=&uPKgU%~&<
ghuntriss2l,ghuntriss2l@nyu.edu,Huntriss,Garek,false,true,nU3&Ju)+'{Q.>
asainthill2m,asainthill2m@google.com.hk,Sainthill,Aura,true,true,cM8?4m4>
gsterricker2n,gsterricker2n@ezinearticles.com,Sterricker,Guilbert,false,false,yT5&{nZen|g!BA
gbrody2o,gbrody2o@com.com,Brody,Guendolen,,true,kT1/25aruf%1m0EM
cschuster2p,cschuster2p@livejournal.com,Schuster,Caterina,false,false,"fG6&H=#sJ4z,|XX,"
mdimsdale2q,mdimsdale2q@com.com,Dimsdale,Madelyn,true,true,"hE7=aEc,`M=Q}"
pmonget2r,pmonget2r@altervista.org,Monget,Paulina,false,false,"uG0|5k|H|""*"
gmurthwaite2s,gmurthwaite2s@nifty.com,Murthwaite,Garner,,false,tM0%6g@+.0
esandcraft2t,esandcraft2t@webeden.co.uk,Sandcraft,Edlin,true,false,gT0)=noFP2x
adunaway2u,adunaway2u@behance.net,Dunaway,Audi,,false,qE1<T.gW
mgoard2v,mgoard2v@last.fm,Goard,Marita,false,true,xV5!=y?>K
rchatfield2w,rchatfield2w@macromedia.com,Chatfield,Royce,false,true,"dD3""7yKROvaX}"
sgreschke2x,sgreschke2x@ehow.com,Greschke,Stanwood,true,false,eQ8{o}\PdBjya~Ru
ssalan2y,ssalan2y@alexa.com,Salan,Shirline,false,true,hG7@8&SU1?
mglidder2z,mglidder2z@dyndns.org,Glidder,Marjory,,false,yP1|\MqYh.j01q5
bbadman30,bbadman30@gizmodo.com,Badman,Brnaby,false,true,"oR4'uNI9""?Hq2>c"
hralling31,hralling31@bandcamp.com,Ralling,Hetty,,true,hB4<Fm6c.SOoi
cseabert32,cseabert32@discuz.net,Seabert,Christy,false,false,bI1`m{&T1
jlangsdon33,jlangsdon33@netscape.com,Langsdon,Jamesy,false,true,yR6{g6E&DFS}f=
fbills34,fbills34@gravatar.com,Bills,Freedman,true,true,aN5{o.%0
nkernar35,nkernar35@ow.ly,Kernar,Nanni,,true,eY8'&y#'=&E*_
vmattys36,vmattys36@si.edu,Mattys,Vite,,false,aD6~Nb0))x
mgayler37,mgayler37@hatena.ne.jp,Gayler,Margaux,true,true,jT0|7j?GTW&Bl\e
cpentecost38,cpentecost38@umn.edu,Pentecost,Clarinda,,true,mI3$ba8j6*@~Q
aasif39,aasif39@wunderground.com,Asif,Andromache,true,true,eI3#u`KQR%/vAKdZ
jfellgate3a,jfellgate3a@addtoany.com,Fellgate,Jill,false,true,"nM2.\a59.""iw\9#"
wcraigg3b,wcraigg3b@usgs.gov,Craigg,Wilfrid,true,true,zK7?<1RZc}
awoolager3c,awoolager3c@feedburner.com,Woolager,Annmaria,,false,cY8~)n}X67<qh
ggawen3d,ggawen3d@epa.gov,Gawen,Gregory,,,xT8*xs~tnMtz~
grose3e,grose3e@joomla.org,Rose,Georgiana,true,false,pL0&bbCxq_`K#{
yfurmedge3f,yfurmedge3f@boston.com,Furmedge,Yasmeen,true,true,"xV0\8RWl,Pv"
mhintzer3g,mhintzer3g@odnoklassniki.ru,Hintzer,Maryrose,false,false,fU3/>2Fu$v1Z
rchipp3h,rchipp3h@opensource.org,Chipp,Roscoe,,true,uE9#p$w5lz6R
mgeeritz3i,mgeeritz3i@webnode.com,Geeritz,Mercedes,true,true,"yF2,gMuVV`"
mheap3j,mheap3j@ca.gov,Heap,Milly,,true,"kA2&k(*}jSY,'0tJ"
dhuxtable3k,dhuxtable3k@php.net,Huxtable,Dyan,,true,hS4_R}l'~
jtong3l,jtong3l@github.io,Tong,Jesse,false,false,nP5~ZFQ=w|6`
pteggart3m,pteggart3m@altervista.org,Teggart,Perla,false,true,bG5*ZzwkT+Es{ek2
fmapowder3n,fmapowder3n@ehow.com,Mapowder,Florella,true,false,"xD0!(ss_,gh"
lstitwell3o,lstitwell3o@theglobeandmail.com,Stitwell,Leonora,,false,jQ9%U}uG4Lj&>3*
spetrov3p,spetrov3p@mozilla.com,Petrov,Shaun,,true,xY5}fiE%
rmaxworthy3q,rmaxworthy3q@csmonitor.com,Maxworthy,Roch,,false,zP2=(OlF
srenfrew3r,srenfrew3r@yahoo.co.jp,Renfrew,Stefan,,true,aX1%5V{+zOTkL
ehintze3s,ehintze3s@4shared.com,Hintze,Elke,,true,"gJ5+1{6)Q?,_m,"
ctrippitt3t,ctrippitt3t@earthlink.net,Trippitt,Carola,false,false,hT0|3\ur
abraunroth3u,abraunroth3u@admin.ch,Braunroth,Angel,false,false,zN0/_=J&Rmi<ynzU
bmcquode3v,bmcquode3v@howstuffworks.com,McQuode,Becca,false,false,vU7&qd\ZQ%
mgroves3w,mgroves3w@twitter.com,Groves,Myrta,false,false,cL1%*tV@
cstronough3x,cstronough3x@harvard.edu,Stronough,Colly,false,true,lH7?R!%sDy
mnorgan3y,mnorgan3y@pcworld.com,Norgan,Muffin,,false,hR4\\8R#Tmzxa
scossam3z,scossam3z@unblog.fr,Cossam,Scotty,true,false,sD0>5.!$<'
vbottrill40,vbottrill40@printfriendly.com,Bottrill,Vicki,,true,mG1+Lo1=sJ9%*s
gdibble41,gdibble41@springer.com,Dibble,Gran,,false,yN7%z~k\
hbowerman42,hbowerman42@discuz.net,Bowerman,Happy,false,true,xC9?WAp4Z
sferencz43,sferencz43@independent.co.uk,Ferencz,Shelli,true,true,"wJ0?5|""YEfYj5"
bplenderleith44,bplenderleith44@dot.gov,Plenderleith,Britni,true,,oJ2!O|84\+'xp@
lparlott45,lparlott45@bandcamp.com,Parlott,Lemar,,false,gH4/hFON%(B)nf6.
elyfe46,elyfe46@g.co,Lyfe,Erhart,true,false,"bM8,4||iu~F{$"
kgallard47,kgallard47@go.com,Gallard,Kristo,,true,"rY0,)Y""`|y"
abraidwood48,abraidwood48@admin.ch,Braidwood,Ashla,,true,kS6+&D>mB
zwhitty49,zwhitty49@vkontakte.ru,Whitty,Zsazsa,true,false,pN5$?8)P!fns8qI1
mmcmurray4a,mmcmurray4a@nytimes.com,McMurray,Mayer,true,false,uF7||N57
ddrohane4b,ddrohane4b@bigcartel.com,Drohane,Dyanna,,true,jB5!NDSaM
amurdy4c,amurdy4c@desdev.cn,Murdy,Aime,true,true,xV3\DRFqd
bfilby4d,bfilby4d@biglobe.ne.jp,Filby,Bennie,true,false,"mO3@Q<5"""
jshearme4e,jshearme4e@tinyurl.com,Shearme,Jarrid,false,true,uB2.=4D>jvVs
kgorgler4f,kgorgler4f@fda.gov,Gorgler,Kaylee,,true,wZ4~S_Y<trF=sr
etwiddle4g,etwiddle4g@boston.com,Twiddle,Eloisa,,false,"iU9&""z#vQU=%}}J"
scorden4h,scorden4h@eventbrite.com,Corden,Skell,,false,"kO2_()T,#l"
mcalwell4i,mcalwell4i@epa.gov,Calwell,Madlen,,false,nB1@&=3BPCo1
tbendon4j,tbendon4j@state.gov,Bendon,Trever,true,true,"cQ1)A=XA"",S4+a"
bcannan4k,bcannan4k@webmd.com,Cannan,Benni,true,false,tG2/SsUcv|~dk
ltatterton4l,ltatterton4l@vistaprint.com,Tatterton,Leonardo,false,true,pH4`o%yh
bninotti4m,bninotti4m@hubpages.com,Ninotti,Brocky,false,true,vH6`pXvN{qXA%
planmeid4n,planmeid4n@aol.com,Lanmeid,Pearl,true,true,bM0>e9Xga$
vodde4o,vodde4o@wikimedia.org,Odde,Vincenz,,false,aD2(Xn%O_T
dmoyce4p,dmoyce4p@hhs.gov,Moyce,Dominga,false,true,bR4/&!%DY/A6
onise4q,onise4q@biblegateway.com,Nise,Onfroi,false,false,dI6{zfQb+?_&G$_/
asirmond4r,asirmond4r@ox.ac.uk,Sirmond,Antoinette,,true,tZ4{0BgFz
dgirod4s,dgirod4s@skyrock.com,Girod,Dasie,true,false,bU1.*XvT`r
lfernao4t,lfernao4t@redcross.org,Fernao,Linoel,,false,"xQ6'sppPKzw"""
rdeyes4u,rdeyes4u@amazon.de,Deyes,Randie,true,true,wP4%$/F=Edo
cfearick4v,cfearick4v@taobao.com,Fearick,Calvin,true,true,aQ0>$G%F*\z
sdavidoff4w,sdavidoff4w@netscape.com,Davidoff,Simonette,true,false,uK8$#v~%NKbL
awhicher4x,awhicher4x@mapy.cz,Whicher,Averyl,false,true,uX9#ACOJP}'r
oarchbutt4y,oarchbutt4y@npr.org,Archbutt,Ogdon,true,true,"fX8|""nKeCN|%x$xq"
aplewman4z,aplewman4z@ox.ac.uk,Plewman,Adrian,,true,"zB5$Q?Zm}p1,Z"
mraddin50,mraddin50@comcast.net,Raddin,Maria,,true,nV8\|XIwa(+8Y
tdurtnell51,tdurtnell51@bandcamp.com,Durtnell,Tally,,false,"mQ0,NNE_%z"
kshine52,kshine52@geocities.jp,Shine,Kristina,false,false,kZ4=MrT*ycWUrV
mridolfi53,mridolfi53@nature.com,Ridolfi,Milty,false,true,hD6!Ms?)
kstothard54,kstothard54@techcrunch.com,Stothard,Kitti,,true,zC4%fnBbCf2E)/
gceller55,gceller55@auda.org.au,Celler,Gwyneth,true,true,xD9%PYbISl9u(i&B
cfatscher56,cfatscher56@whitehouse.gov,Fatscher,Crissie,,true,pX2`dq50{&
riliff57,riliff57@last.fm,Iliff,Ronnica,,false,hL8`Cma1vr
vfalconbridge58,vfalconbridge58@time.com,Falconbridge,Van,,true,"xA5)r_TZU,!(T5e,"
adiack59,adiack59@jiathis.com,Diack,Archer,true,false,vN0?p5p5
ssampson5a,ssampson5a@noaa.gov,Sampson,Sholom,,false,cW2}o&|&)tR6
adelgado5b,adelgado5b@wikimedia.org,Delgado,Alley,true,false,gV7&dwE<!}ZYo
rstreather5c,rstreather5c@smh.com.au,Streather,Reube,,true,dG8`!j'Se
tjills5d,tjills5d@networksolutions.com,Jills,Ty,,false,sZ4_@%LXf=(+
amarcone5e,amarcone5e@cargocollective.com,Marcone,Arly,true,false,rU7'yDW>`
fgrealish5f,fgrealish5f@booking.com,Grealish,Ferrel,true,false,bC8(cZrod%Zte#.
danstis5g,danstis5g@icq.com,Anstis,Daryl,,false,"jP7,pz+PbFp{\PrP"
rjowling5h,rjowling5h@shinystat.com,Jowling,Robbyn,true,true,eY1?.lO<qyXiw
rconnue5i,rconnue5i@sciencedaily.com,Connue,Rolando,true,false,gN8>?I7O_K%iM
tpurshouse5j,tpurshouse5j@examiner.com,Purshouse,Tilda,false,false,"iH7""mAqQD95#g2"
rgerhold5k,rgerhold5k@technorati.com,Gerhold,Rasla,,false,kK0)S5/+/5#Mkn9
ayouens5l,ayouens5l@gmpg.org,Youens,Alexandros,,false,lN3*EBWmHZ@A=
vdavydochkin5m,vdavydochkin5m@sciencedaily.com,Davydochkin,Valene,,false,cK3&0OI_RVQ.|e&Y
bmatveyev5n,bmatveyev5n@hibu.com,Matveyev,Brittany,,true,oV5'z#=s
lpymer5o,lpymer5o@bravesites.com,Pymer,Loralee,true,true,sL5&$A''W~(/t(DF
jmerigot5p,jmerigot5p@bloomberg.com,Merigot,Jewelle,,false,tP1|sKmyGQam4L/
hscott5q,hscott5q@nationalgeographic.com,Scott,Heath,,false,oG9#5<wq\'sq/
mtumioto5r,mtumioto5r@rambler.ru,Tumioto,Michaella,true,false,hG2#vW6rchhu
lmachel5s,lmachel5s@walmart.com,Machel,Laney,false,true,wT8!V#HYC2{d
lsoffe5t,lsoffe5t@hhs.gov,Soffe,Lorenzo,true,false,xT9_9\/~
dtrammel5u,dtrammel5u@nationalgeographic.com,Trammel,Danette,false,false,eI6<ZnYmg0rf>{
pduchateau5v,pduchateau5v@scientificamerican.com,Duchateau,Paulina,,true,dW4_tC$1%vP'Zi
mappleton5w,mappleton5w@e-recht24.de,Appleton,Melisa,true,true,"mL4,+#1eX"
lmccambridge5x,lmccambridge5x@topsy.com,McCambridge,Lezley,false,false,gL6'Rk}@
awalrond5y,awalrond5y@mozilla.org,Walrond,Amelina,false,false,uR9{4Sze4O=3gr
rdudmarsh5z,rdudmarsh5z@ft.com,Dudmarsh,Rickey,false,false,xF7'EHN&8L.XNt
rbanstead60,rbanstead60@go.com,Banstead,Raphaela,true,false,bH6)mTaH#'M\
dsheen61,dsheen61@google.nl,Sheen,Danell,true,true,bS6&z{wU
hcoulbeck62,hcoulbeck62@kickstarter.com,Coulbeck,Hobart,,true,aI6|G=}awfy7
udews63,udews63@google.ru,Dews,Urbanus,,true,fA5&}j|2_'(`lT
bmollen64,bmollen64@nhs.uk,Mollen,Brandi,,true,vT9/wG2OM{e0g\0=
dmartensen65,dmartensen65@artisteer.com,Martensen,Durand,false,false,xN9/zkd='<D
pcleave66,pcleave66@ucsd.edu,Cleave,Peadar,false,false,"cW6%c,MzStK"
aperrelle67,aperrelle67@sitemeter.com,Perrelle,Anselma,,true,pS4<X)q%.3.Z+
jdrake68,jdrake68@list-manage.com,Drake,Jojo,,false,mK1$L+@T}Z(
jsquibe69,jsquibe69@alibaba.com,Squibe,Jaquelyn,,false,"pD7,I0J{UO|~Pf"
vtwyning6a,vtwyning6a@ask.com,Twyning,Velvet,,false,jY2$kWmUn=?<m
amitkcov6b,amitkcov6b@blog.com,Mitkcov,Agace,false,false,tV4/}ThIeuw
rassel6c,rassel6c@odnoklassniki.ru,Assel,Renelle,false,true,"pI3,jfjTD"
tpeterson6d,tpeterson6d@ucoz.com,Peterson,Tamra,,false,"eH4,li4HWn~"
tcompfort6e,tcompfort6e@php.net,Compfort,Tedmund,,false,"nN0#r@$ZhKrF},"
smacarthur6f,smacarthur6f@cbsnews.com,MacArthur,Susie,true,false,fR4.E1|\U5
snewns6g,snewns6g@smugmug.com,Newns,Silvia,,false,jC0!JHhFErLFvKqX
bstrelitzki6h,bstrelitzki6h@bbc.co.uk,Strelitzki,Binni,,,cT4*T\4Uh_6
lspellworth6i,lspellworth6i@cloudflare.com,Spellworth,Link,,false,"gH9`~|2_,&!s"
dsandercock6j,dsandercock6j@timesonline.co.uk,Sandercock,Dona,true,false,hO5>9XS8#y<Rc+
mdaguanno6k,mdaguanno6k@wired.com,D'Aguanno,Morgun,true,true,yP9&}}FKvRuaA7b7
hantic6l,hantic6l@linkedin.com,Antic,Hale,,true,"zT2}u=""FbjMJKwLL"
rverlinden6m,rverlinden6m@prweb.com,Verlinden,Randee,false,,lW4+6T}D.vE4IS
cblancowe6n,cblancowe6n@barnesandnoble.com,Blancowe,Corinne,false,false,oT1>N9c$K1dFpfJn
lseddon6o,lseddon6o@jugem.jp,Seddon,Lowell,false,false,"rY9,utfg>~dq*"
fisabell6p,fisabell6p@usa.gov,Isabell,Fedora,true,true,wE9.7({UoMYo
bhaithwaite6q,bhaithwaite6q@hhs.gov,Haithwaite,Bar,false,false,vQ7|Y3ZYv/O..HE
ceagleston6r,ceagleston6r@umn.edu,Eagleston,Cirstoforo,true,false,iO5$$L#|#jTTf(=X
mlimming6s,mlimming6s@ucoz.ru,Limming,Marline,,true,oJ1?#cb_$9i@{T
ialabaster6t,ialabaster6t@blogtalkradio.com,Alabaster,Israel,,false,kW8*L!7AGS+NRD
stomkys6u,stomkys6u@house.gov,Tomkys,Sholom,,false,"rX7""Lgv?S9VGXRVi"
mbalnave6v,mbalnave6v@fastcompany.com,Balnave,Mollee,,false,wE4+DE`LB_
rlefevre6w,rlefevre6w@barnesandnoble.com,Le Fevre,Rufus,false,true,"qW7'm?,Zq{yH"
parnao6x,parnao6x@cnn.com,Arnao,Pauli,,true,mG0!P6W&Y>go#z
nheynen6y,nheynen6y@msn.com,Heynen,Normie,false,false,"bF4>O""v7H"
bbrogiotti6z,bbrogiotti6z@tinypic.com,Brogiotti,Barth,,true,gE2_=Z*3k
pembleton70,pembleton70@nbcnews.com,Embleton,Paola,,false,eS2\8h&ch&AZ
faireton71,faireton71@e-recht24.de,Aireton,Frederic,,true,oW2=sBm~Kn$Le.'
cmackartan72,cmackartan72@quantcast.com,MacKartan,Chick,,false,aT4=_|5\l
gdeblasiis73,gdeblasiis73@about.com,De Blasiis,Gillian,,true,hD8'pD.WP
ufakeley74,ufakeley74@yellowbook.com,Fakeley,Uri,,false,aK6'z>'y{/UQ{9
sform75,sform75@mtv.com,Form,Simona,false,true,gS6=I3X$ksQ9m_U
adrohane76,adrohane76@eepurl.com,Drohane,Adey,true,true,oN3(rtIr}1n0`utQ
jmacenelly77,jmacenelly77@oaic.gov.au,MacEnelly,Jessika,,false,wB7!YX6R!
xkillen78,xkillen78@google.com.au,Killen,Ximenes,false,false,dU0*O4Pssk
asclater79,asclater79@cafepress.com,Sclater,Ann-marie,,true,pR5/4F?i0
drichter7a,drichter7a@yandex.ru,Richter,Darby,,false,dG5<t!l|q1dbzH!
blassey7b,blassey7b@usnews.com,Lassey,Boyce,true,true,uW5'9~)CR>z5W>Y
wsirl7c,wsirl7c@domainmarket.com,Sirl,Walsh,false,false,"xZ5,s!r?RnN"
dlotterington7d,dlotterington7d@fc2.com,Lotterington,Dalston,true,true,lX2$X%8d|J
tkidner7e,tkidner7e@imgur.com,Kidner,Tony,true,true,rY9\XHo7$p/7
lhuge7f,lhuge7f@nps.gov,Huge,Lurlene,true,false,"aD8$Z,H8@=$"
ooehme7g,ooehme7g@people.com.cn,Oehme,Oates,false,true,mM4`)J*+0{Tr
ochittie7h,ochittie7h@bluehost.com,Chittie,Omar,false,false,iD8%z&rV*#fX
gsprade7i,gsprade7i@berkeley.edu,Sprade,Ginnifer,,false,rD5|l1c3G|k4FV
rfold7j,rfold7j@uol.com.br,Fold,Riane,false,true,mI3&gp=@*<g=
ddowglass7k,ddowglass7k@vistaprint.com,Dowglass,Debra,,true,uI6//XMD
pflute7l,pflute7l@moonfruit.com,Flute,Perry,,false,lF3?RL%96wO*<}Z
sfulleylove7m,sfulleylove7m@nba.com,Fulleylove,Sarine,,true,iK3*+N!q*1
gcaveney7n,gcaveney7n@dedecms.com,Caveney,Giffie,false,false,cH6\FdylmQk
gcoppledike7o,gcoppledike7o@trellian.com,Coppledike,Gran,false,false,"sL3.,<<w|1#ra"
dpedron7p,dpedron7p@edublogs.org,Pedron,Duffy,,false,fW0?@y4<1uos*ANk
hgunnell7q,hgunnell7q@apple.com,Gunnell,Harrison,false,true,iO4(8HjjdXz{bg~f
thrishchenko7r,thrishchenko7r@hp.com,Hrishchenko,Terrell,,true,"cG4%,6'""R+w{4"
kmacgilmartin7s,kmacgilmartin7s@ucoz.ru,MacGilmartin,Kenn,false,true,uX8#AqT>&bUD%RC
ptimmons7t,ptimmons7t@usatoday.com,Timmons,Piggy,false,false,zE2&66d&XjGuY|>m
tcaistor7u,tcaistor7u@smugmug.com,Caistor,Tessy,false,true,uY3?oW*RPG+\?I
gdeminico7v,gdeminico7v@prnewswire.com,De Minico,Gwenette,true,false,mM7{PbyVi*N
dbartocci7w,dbartocci7w@hao123.com,Bartocci,Denice,,true,pA6+Fk3C@~DuMkQC
golcot7x,golcot7x@reddit.com,Olcot,Gabriello,true,false,dZ3+xGuoyx>VTXbM
hburdoun7y,hburdoun7y@hugedomains.com,Burdoun,Hashim,true,false,zC5$~A}0<RR?bSig
dburgill7z,dburgill7z@howstuffworks.com,Burgill,Dulcia,false,false,xF7{8{/}R5Sr!0
lromeril80,lromeril80@npr.org,Romeril,Lanna,,true,iI5>?iu*x6MIiut
jbusain81,jbusain81@aol.com,Busain,Juli,false,true,kB9?jjrHrlC.Y/v7
cessberger82,cessberger82@toplist.cz,Essberger,Cyrille,true,true,"bI3,clB?'Rb@"
fbalazot83,fbalazot83@e-recht24.de,Balazot,Farrah,,true,sI9<5B}%qfxy6
eleinster84,eleinster84@geocities.com,Leinster,Elisabet,false,false,"kA2#2tz2xR""""D(I"
ttredwell85,ttredwell85@pinterest.com,Tredwell,Theressa,,false,tR6|U\~i6Np(eiH'
mhaskur86,mhaskur86@nifty.com,Haskur,Murry,false,true,"oS0+Ws00""ZWjgei"
lhindrick87,lhindrick87@cafepress.com,Hindrick,Langsdon,false,true,dX1*E>!Jz
yvanoort88,yvanoort88@qq.com,Van Oort,Yvonne,false,true,"hF1?""O7L))S\"
fpeever89,fpeever89@go.com,Peever,Filide,true,true,bD1@<Uimz
mfranciotti8a,mfranciotti8a@vistaprint.com,Franciotti,Matthiew,,false,hY9)\KDYps
gdurrans8b,gdurrans8b@cisco.com,Durrans,Gamaliel,true,true,uT9/yi#=c
llankham8c,llankham8c@craigslist.org,Lankham,Lauralee,true,true,"lM4@%,,wqk"
aperazzo8d,aperazzo8d@economist.com,Perazzo,Alexis,true,false,nZ5)~1eJa%8
jcrebo8e,jcrebo8e@a8.net,Crebo,Jimmie,false,true,fV1&MIFSaB<S
rnorledge8f,rnorledge8f@sakura.ne.jp,Norledge,Robinet,true,false,"vI1,T0WA2ZE$W%"
smonaghan8g,smonaghan8g@privacy.gov.au,Monaghan,Sumner,,false,vA0)+8N4(h=x7*/
ddupoy8h,ddupoy8h@auda.org.au,Dupoy,Desiri,true,true,aD7<\G0!`&P
bfrane8i,bfrane8i@reference.com,Frane,Berti,,false,"gU8,7G$DH,p@Pu_V"
npassie8j,npassie8j@bigcartel.com,Passie,Napoleon,false,true,kA1_xm@IuHWog
lthomen8k,lthomen8k@deviantart.com,Thomen,Lilian,false,false,"fI5""SCF)jD"
dnewart8l,dnewart8l@nydailynews.com,Newart,Deborah,false,false,gF8(~Q?eyp+&H8}j
dshaddock8m,dshaddock8m@walmart.com,Shaddock,Dud,true,true,rJ5{{}_J`A//
rgavagan8n,rgavagan8n@omniture.com,Gavagan,Robbert,false,false,"gE4&4},5"
ahanne8o,ahanne8o@elpais.com,Hanne,Aili,,false,"sW2&1H7{$,_37"
tpowner8p,tpowner8p@liveinternet.ru,Powner,Tripp,false,true,hF2|n1zh0+
adeignan8q,adeignan8q@globo.com,Deignan,Ashlen,false,true,"lF7""\`""}}"
rpoor8r,rpoor8r@hibu.com,Poor,Rubia,,true,dW5#>wnPtxuW
leyree8s,leyree8s@dot.gov,Eyree,Lilly,true,true,pC6~77EaYme=6
kmcguigan8t,kmcguigan8t@google.com.br,McGuigan,Kaleb,true,true,gA7+l29T+C
bmccook8u,bmccook8u@hexun.com,McCook,Bourke,false,false,nW9@SDXZ'mLGZ
gpuden8v,gpuden8v@blogspot.com,Puden,Gram,false,false,wT9/0XL!6!U<p
ckempshall8w,ckempshall8w@pcworld.com,Kempshall,Calli,false,false,iT4/4a~_QIK+
acrepel8x,acrepel8x@elpais.com,Crepel,Alis,,false,fR9<AL&(|J*bDU
lblonfield8y,lblonfield8y@instagram.com,Blonfield,Lucky,false,false,yD0&qoc4LU!j
icandlin8z,icandlin8z@icio.us,Candlin,Isadore,true,true,"sA4<H,N7hZW3r"
hbonde90,hbonde90@omniture.com,Bonde,Haze,,false,uV6<r/Rr@N
kpearcehouse91,kpearcehouse91@xing.com,Pearcehouse,Kerry,true,true,rO2?<sIrB5mHlPgZ
ltomaini92,ltomaini92@linkedin.com,Tomaini,Leoine,,true,fZ1*FT3JYoG
wmccullagh93,wmccullagh93@craigslist.org,McCullagh,Wadsworth,false,true,nV3\}S!\D$jB
rrickard94,rrickard94@meetup.com,Rickard,Reynolds,,false,rM6+=duRB3t=tmW
cshelton95,cshelton95@wordpress.org,Shelton,Clarinda,,false,yD7.jHaUqd<`S
shourahan96,shourahan96@altervista.org,Hourahan,Stanfield,false,false,hG7!3jIWkBdU9L
aandrock97,aandrock97@home.pl,Androck,Arnie,false,true,fV9/B!sss
nlound98,nlound98@t.co,Lound,Nicoli,,false,kZ7{jzeh69cpu
chiland99,chiland99@ibm.com,Hiland,Cheri,,false,xO3'Id_4'lI
meastwell9a,meastwell9a@ucla.edu,Eastwell,Myrtie,,true,"aL3~(4O@s"">"
dorrobin9b,dorrobin9b@squarespace.com,Orrobin,Dredi,true,false,"jA9#VW5$=8,1"
cscarbarrow9c,cscarbarrow9c@blogs.com,Scarbarrow,Christoph,,false,"wN6+j~eBW(zt,ZKM"
nmacnish9d,nmacnish9d@dot.gov,MacNish,Norbert,,false,"lX2""iA(t"
ddominelli9e,ddominelli9e@dailymail.co.uk,Dominelli,Dagmar,true,false,pK9<B!%4?C
ahusbands9f,ahusbands9f@census.gov,Husbands,Angele,false,true,eU9*Ip(m9
lfateley9g,lfateley9g@apple.com,Fateley,Lenci,false,false,lB1\!\?(%mqvUi
rpallin9h,rpallin9h@elpais.com,Pallin,Ruthann,,false,lS9=lEDe`%
jribbon9i,jribbon9i@reference.com,Ribbon,Jecho,,false,"nN0$4y,.JPU"
mbodman9j,mbodman9j@amazon.co.jp,Bodman,Merrile,false,false,gO0>_ZOX*aa_F85
ssybry9k,ssybry9k@msu.edu,Sybry,Sara-ann,,false,wJ8/D{RO
gpethybridge9l,gpethybridge9l@marketwatch.com,Pethybridge,Gal,true,true,fQ1&+A2@sDg
cwardhaw9m,cwardhaw9m@skyrock.com,Wardhaw,Crawford,true,false,"hF0|M0Eh>!""GX+"
amorby9n,amorby9n@cnet.com,Morby,Aaron,false,true,rV4&eJ_B
deagling9o,deagling9o@networkadvertising.org,Eagling,Delia,,false,eV4|0rQ|}Ln}iH
wolliar9p,wolliar9p@salon.com,Olliar,Winni,true,true,dA4`0ZES
cbellino9q,cbellino9q@networksolutions.com,Bellino,Carine,,false,iH5#OFDTjV?f?VH
aramsby9r,aramsby9r@yelp.com,Ramsby,Alameda,,false,iR9~tcJUu`}n
pdavys9s,pdavys9s@elegantthemes.com,Davys,Perl,,true,dG2}6V=>
edemeter9t,edemeter9t@si.edu,Demeter,Edvard,,true,jA4$)SA$.v!
ljakubski9u,ljakubski9u@hugedomains.com,Jakubski,Lennie,false,false,lQ0%BZOV&
iadamkiewicz9v,iadamkiewicz9v@technorati.com,Adamkiewicz,Isidoro,true,true,mS8!0&.p\~<EFV=U
tslidders9w,tslidders9w@scribd.com,Slidders,Trever,false,false,zY1?ILv?`lQm%
mmiklem9x,mmiklem9x@weebly.com,Miklem,Margy,false,false,rF7*|}ZDb
rmeanwell9y,rmeanwell9y@tumblr.com,Meanwell,Rikki,false,true,pV0<$x1_5=3R!&EK
fklais9z,fklais9z@soundcloud.com,Klais,Felix,,false,sH2?1@qLG6Yq/i3v
bgemellia0,bgemellia0@people.com.cn,Gemelli,Benni,true,false,uL6!U{J9_8e%
ddonnersberga1,ddonnersberga1@blogspot.com,Donnersberg,Donella,false,true,zK4~4=Hfj*bNvH8
dambroziaka2,dambroziaka2@buzzfeed.com,Ambroziak,Darla,,false,zZ8_S\rj*lo
hhegartya3,hhegartya3@independent.co.uk,Hegarty,Herbie,false,true,kQ5#SM$0BV
rbeardsella4,rbeardsella4@elegantthemes.com,Beardsell,Reyna,true,true,"jE5,,mXOI6D"
etowseya5,etowseya5@sohu.com,Towsey,Elbertine,true,false,"iA2@}""UKFB1!DahM"
lfarahara6,lfarahara6@ustream.tv,Farahar,Lorene,false,false,gM7#j3#ox+4DKK
bhasteda7,bhasteda7@sphinn.com,Hasted,Baudoin,false,true,mP3&Iumqh<VtP
wborrisa8,wborrisa8@google.cn,Borris,Welby,,true,jQ6@FX!lS`F_=2
cseeda9,cseeda9@printfriendly.com,Seed,Cynthie,,true,lD6&}zgaE
erushburyaa,erushburyaa@zdnet.com,Rushbury,Elston,,true,sA3%)'x2?_>
pscolesab,pscolesab@intel.com,Scoles,Paulina,,true,"uF0?Nn$Z,n"
krobertotac,krobertotac@woothemes.com,Robertot,Kliment,,true,mL5(Cmz1a?<oDa
dkitchasidead,dkitchasidead@reddit.com,Kitchaside,Delphine,true,false,qI2${&KW)M
lmastersae,lmastersae@mysql.com,Masters,Lydia,false,true,cW7`{i{Az
cpeskinaf,cpeskinaf@ebay.co.uk,Peskin,Colas,true,false,qL1?9V>lulYHG
fcraufurdag,fcraufurdag@army.mil,Craufurd,Fred,,true,"uJ4(l,?Kd4Zmd`I@"
mpalerah,mpalerah@storify.com,Paler,Matthiew,true,false,"mJ9/c""L@S80"
sgiraudouxai,sgiraudouxai@google.ru,Giraudoux,Siffre,,true,xW1`~DBdNP
ljahanaj,ljahanaj@howstuffworks.com,Jahan,Levi,,false,"eD4{TH0Gog""sog"
gcammisak,gcammisak@dropbox.com,Cammis,Granger,,false,sK5#fK.VCgl5L
jfellonaal,jfellonaal@biblegateway.com,Fellona,Jennifer,false,false,jV6\i.`.1q
bpellam,bpellam@squarespace.com,Pell,Bay,,false,fA3!Lo4c
dbenbowan,dbenbowan@unicef.org,Benbow,Daisy,false,false,zX0{w>89
btidridgeao,btidridgeao@hhs.gov,Tidridge,Belle,false,false,zN1@>{DK$8rpY
ddoyleap,ddoyleap@jiathis.com,Doyle,Dietrich,true,false,vL8_rI0x8=
stootellaq,stootellaq@cbslocal.com,Tootell,Stefa,,true,"lS4!8+OH""Y"
ghenriquetar,ghenriquetar@ow.ly,Henriquet,Gael,true,false,xK4(2LTzt
hkreuzeras,hkreuzeras@tinyurl.com,Kreuzer,Harriot,true,true,rM3#Z(/xf
fmatyat,fmatyat@mediafire.com,Maty,Ferrell,false,false,lK9|{Cs'?h)|{l
chaconau,chaconau@imgur.com,Hacon,Cinderella,false,true,vF4)qKVpJ&txPK
mgommeyav,mgommeyav@taobao.com,Gommey,Melisenda,false,false,"oR1%?\Y""a`oh.,yC"
vwinsonaw,vwinsonaw@wufoo.com,Winson,Vito,,false,yG7<HI)NUC9
rbenedicteax,rbenedicteax@live.com,Benedicte,Roda,false,false,"rJ2""9kq2#"
alemerleay,alemerleay@sakura.ne.jp,Lemerle,Alicea,,false,mC1<WfOkK>
kbrumptonaz,kbrumptonaz@reference.com,Brumpton,Kinna,,true,vK5=n3i4g|TDyB
ssautterb0,ssautterb0@thetimes.co.uk,Sautter,Skip,false,false,gN8%l`n>+syyD
creddingtonb1,creddingtonb1@phpbb.com,Reddington,Constanta,false,false,hP1{l7bm`=)L<
cdummiganb2,cdummiganb2@msn.com,Dummigan,Courtenay,,false,zZ9\6{7*m_ggLJO=
abeentjesb3,abeentjesb3@livejournal.com,Beentjes,Aidan,true,false,mI1`Kc.1QLvy{q$s
xstriplingb4,xstriplingb4@ebay.com,Stripling,Xylina,false,true,mM9|v$Uc6/)xmFs\
hstlouisb5,hstlouisb5@privacy.gov.au,St Louis,Hoebart,false,true,dD5~s<~ZOGB&/|
nfluinb6,nfluinb6@china.com.cn,Fluin,Nertie,true,false,gR6.I/.g5Qf
hsibbertb7,hsibbertb7@unc.edu,Sibbert,Hodge,,false,iP1?j6EdrE)MWb
kgutierrezb8,kgutierrezb8@merriam-webster.com,Gutierrez,Kaye,,true,eV8)uKufBDn
dseveryb9,dseveryb9@princeton.edu,Severy,Doreen,,false,aA9=x?C<eXr
dkewzickba,dkewzickba@forbes.com,Kewzick,Daria,false,false,wE2(}57&09X>!.7
ssturleybb,ssturleybb@gov.uk,Sturley,Sheffy,true,true,"xK7<.Lj'""{"
jkleinzweigbc,jkleinzweigbc@shutterfly.com,Kleinzweig,Jacinthe,false,true,rF7\`uon53
ltafanibd,ltafanibd@ycombinator.com,Tafani,Latashia,false,false,vF7\3)2aHJSqVMT
cdrewerybe,cdrewerybe@cloudflare.com,Drewery,Christen,true,true,hJ3(DGMG)c3N
cjanauschekbf,cjanauschekbf@shinystat.com,Janauschek,Caril,false,false,fE2*dcp1s<=3OCCe
jcarnilianbg,jcarnilianbg@gov.uk,Carnilian,Jard,true,false,mA4=F\dT
gfarndonbh,gfarndonbh@spiegel.de,Farndon,Giovanna,false,true,mB5`y`s+2S_|Aiq
zabbotbi,zabbotbi@wufoo.com,Abbot,Zilvia,false,false,vS1#m`s0
hpicklebj,hpicklebj@barnesandnoble.com,Pickle,Hunter,false,true,dX0\f9*}9
lrollbk,lrollbk@wiley.com,Roll,Leonora,true,false,bH2>Vbe9wC
koxtarbybl,koxtarbybl@who.int,Oxtarby,Katy,true,false,vA3/B6@BSXN_
mferrinibm,mferrinibm@tiny.cc,Ferrini,Mollee,false,true,mB2+D(5i_
sbartalinbn,sbartalinbn@newyorker.com,Bartalin,Sheryl,true,true,"zD7""I=LsEu2o"
gsmeadbo,gsmeadbo@nhs.uk,Smead,Gannon,false,true,lX0)usvpx
pellinorbp,pellinorbp@tripod.com,Ellinor,Peirce,true,false,uO3~)f4}ord
chayworthbq,chayworthbq@sun.com,Hayworth,Caty,,true,oX5|YJ0cl4NuB
rcantibr,rcantibr@istockphoto.com,Canti,Rowen,,false,bO7)Oy{JtO
hreinertbs,hreinertbs@tumblr.com,Reinert,Herbie,,true,"dH1""y#\(\f=\"
sbartalotbt,sbartalotbt@deviantart.com,Bartalot,Sigismund,true,true,jI7|9n<9K
amugglestonebu,amugglestonebu@godaddy.com,Mugglestone,Andriana,,false,yC1~1mPzl
cfookesbv,cfookesbv@salon.com,Fookes,Cinda,,true,aL4/AID%*%
jparkinsbw,jparkinsbw@hexun.com,Parkins,Jarrod,,true,aD4{>~Wyc4JTKLyx
kdoyleybx,kdoyleybx@friendfeed.com,Doyley,Karen,,false,aR5$ls*F#T?fG'Ef
rmallowsby,rmallowsby@bbc.co.uk,Mallows,Row,true,true,uI6)u=vij
miffebz,miffebz@tamu.edu,Iffe,Marja,false,true,"fY7)X7""lTS6GKl"
njovisc0,njovisc0@xrea.com,Jovis,Nicol,false,true,oN5|CK%e@
oslatenc1,oslatenc1@noaa.gov,Slaten,Oneida,false,true,vT5>qxVHu
ghisec2,ghisec2@theatlantic.com,Hise,Griz,true,false,xF3'W(mu
mvarnesc3,mvarnesc3@nationalgeographic.com,Varnes,Myles,true,false,qT4@!IcX#yG
jmacascaidhc4,jmacascaidhc4@guardian.co.uk,MacAscaidh,Jeddy,,true,bY5`IXQo6r1S2o\
sberteletc5,sberteletc5@ifeng.com,Bertelet,Saunderson,,true,sR7\'QJ23N`6eqX
uobraddenc6,uobraddenc6@webmd.com,O'Bradden,Udall,false,false,pO2&{hZ`lqZS){Sb
ovanderkruijsc7,ovanderkruijsc7@simplemachines.org,Van der Kruijs,Ondrea,,false,nJ5+fDvTcAu}qp|
lnapthinec8,lnapthinec8@technorati.com,Napthine,Lucien,true,false,"hJ3\*<{M,?zF)"
dcoathc9,dcoathc9@walmart.com,Coath,Delila,true,true,hS4$TYs%e
sleadstoneca,sleadstoneca@miitbeian.gov.cn,Leadstone,Scotti,,true,"mG1!k{qy""s`+\`(@"
dniccollscb,dniccollscb@cbslocal.com,Niccolls,Delcine,true,true,aY3|J>+Rb
sfurmedgecc,sfurmedgecc@illinois.edu,Furmedge,Shanie,,true,"vH4_0""*zBzNaFs"
sstothartcd,sstothartcd@house.gov,Stothart,Shantee,,false,hP0?D@#AyRu
gkilleleace,gkilleleace@foxnews.com,Killelea,Garland,,false,hT6=$yLHU
fgoldercf,fgoldercf@myspace.com,Golder,Fan,,false,"yG0@UY6sWOt<g"""
omcentegartcg,omcentegartcg@csmonitor.com,McEntegart,Obediah,true,true,wH5~}iUx3M5
vantonssonch,vantonssonch@digg.com,Antonsson,Vincents,true,true,iF9/7XEQyMV(E7z
cgorkeci,cgorkeci@dailymotion.com,Gorke,Clovis,false,true,vQ6~@eEW+ch\
psaxtoncj,psaxtoncj@fda.gov,Saxton,Pavlov,true,false,aO4)\jdV7KJKTO%@
cruggenck,cruggenck@loc.gov,Ruggen,Cloris,true,,jJ9.0ZM#
mewertcl,mewertcl@theguardian.com,Ewert,Micky,true,,xW0%$D\H7n8'
diannuzzicm,diannuzzicm@wikispaces.com,Iannuzzi,Donnie,,true,"aY2~$qN""x2Z\T5g"
krusscn,krusscn@google.ru,Russ,Koenraad,,false,wA5|XBBr)swIulT
elynnittco,elynnittco@imageshack.us,Lynnitt,Eduardo,,true,eA0#R{sZ
ngainorcp,ngainorcp@baidu.com,Gainor,Nichol,false,true,qH2?M3)Z>
rjeduchcq,rjeduchcq@tripod.com,Jeduch,Rube,false,false,qL1|66S6{~'
vdraincr,vdraincr@goo.ne.jp,Drain,Vi,true,false,eW6{sV%4_P.o}
gskacelcs,gskacelcs@utexas.edu,Skacel,Gabbey,false,false,zD6\7''rgQt
abrisseauct,abrisseauct@abc.net.au,Brisseau,Arabelle,false,true,cG8@&(E}6Bb
gdetoilecu,gdetoilecu@sbwire.com,Detoile,Graehme,true,false,iP3.=Rp}={3
ffitzhenrycv,ffitzhenrycv@wp.com,Fitzhenry,Frants,false,true,rW0?ogSS
rsibberingcw,rsibberingcw@deviantart.com,Sibbering,Roxie,,false,bA2`b=#/)9JcQ
bcordeycx,bcordeycx@blogspot.com,Cordey,Bernie,false,false,"qJ7.gsl/Lt`,dU"
slambrichtcy,slambrichtcy@unblog.fr,Lambricht,Shandie,false,false,fP2_$3IcFBa8.8N|
rpearsoncz,rpearsoncz@ning.com,Pearson,Rockey,,false,qU0&uxCg|wQ&t
lcourtind0,lcourtind0@bloglovin.com,Courtin,La verne,false,false,"lI6_o=""X3%"
hjoinseyd1,hjoinseyd1@blog.com,Joinsey,Hanan,false,true,"yM4{""*jTpHwc"
bporchd2,bporchd2@mediafire.com,Porch,Bancroft,true,true,lX0&EUph}
kbergetd3,kbergetd3@vinaora.com,Berget,Kynthia,,false,oQ5\MjW\7+Uno
pheaked4,pheaked4@wp.com,Heake,Papagena,false,true,fB0(f%hNkD4&F1t
cduffieldd5,cduffieldd5@weather.com,Duffield,Cindie,true,false,kA1!@wc|`~b6
sfolcad6,sfolcad6@php.net,Folca,Shirline,,true,zG2@6b$ZVC
dmesiasd7,dmesiasd7@slate.com,Mesias,Deb,false,true,dX2!zw3ssx{8
walekseicikd8,walekseicikd8@webeden.co.uk,Alekseicik,Walsh,,false,eT9|2~(_@
aorbelld9,aorbelld9@telegraph.co.uk,Orbell,Analiese,false,true,bF3$r55glbq
ddevilleda,ddevilleda@sakura.ne.jp,De-Ville,Daren,,false,"iI6""f@jqDQRXD"
jlandydb,jlandydb@opera.com,Landy,Janeczka,false,false,dQ4<g4Rs9xx%b8
voreheaddc,voreheaddc@nymag.com,Orehead,Vevay,false,false,jE7@sePO
sdivverdd,sdivverdd@imageshack.us,Divver,Sabine,false,true,uI3$w%y`0?
bcluttende,bcluttende@disqus.com,Clutten,Betteann,,false,"sD4""Zu!>Es=Un`'"
mrubinfajndf,mrubinfajndf@nasa.gov,Rubinfajn,Maia,true,true,nZ1!yN6gGME
sboliverdg,sboliverdg@livejournal.com,Boliver,Solomon,,false,"mT4'W6,WWM?LMVd"
lgethyndh,lgethyndh@123-reg.co.uk,Gethyn,Lexie,,,jI1?*=C6>
pparrottdi,pparrottdi@storify.com,Parrott,Pris,true,true,"hR6~,pWr"
mcrouxdj,mcrouxdj@mayoclinic.com,Croux,Marys,,true,"pL9+YGt,"
creignoulddk,creignoulddk@blogger.com,Reignould,Chiquita,true,true,oA0/KfO<s8wr8`/
mspaldindl,mspaldindl@microsoft.com,Spaldin,Morganne,,true,mG3.U7}s@n&lx!y
gbottbydm,gbottbydm@booking.com,Bottby,Gerhardt,true,true,eE1>Le6jF
ihinckesdn,ihinckesdn@slashdot.org,Hinckes,Idaline,,false,"dD0<!.61G~c""s!K"
bmacbaindo,bmacbaindo@ucoz.ru,MacBain,Bernardina,,false,bK1.(qL2jICh.8i
wdyasdp,wdyasdp@imgur.com,Dyas,Winfield,true,false,gJ6}f@I5YJ
wespinetdq,wespinetdq@hc360.com,Espinet,Wendel,false,true,pJ1<Tq~03$?O+1u
clabbatidr,clabbatidr@state.gov,Labbati,Caresa,,true,yP9<e@$4S
fmulgrewds,fmulgrewds@clickbank.net,Mulgrew,Faunie,,true,vG6'TY`sfY$i!be
kstennersdt,kstennersdt@tmall.com,Stenners,Kaiser,,true,hJ3(*0tT/7
mrousseldu,mrousseldu@cocolog-nifty.com,Roussel,Marcelo,,true,aT7%)P~Nmufd=)
lkeabledv,lkeabledv@economist.com,Keable,Lucia,false,true,wH8{SK0Q2Y'
